epoch,train_loss,train_acc,test_loss,test_acc
0,12.906941413879395,0.0,20.525188446044922,0.0
1,11.384763717651367,0.0,17.828384399414062,0.0
2,10.741676330566406,0.0,15.924324035644531,0.0
3,10.274209976196289,0.0,14.68171215057373,0.0
4,9.851571083068848,0.0,13.91506576538086,0.0
5,9.507206916809082,0.0,13.51491641998291,0.0
6,9.210580825805664,0.0,13.236471176147461,0.0
