epoch,train_loss,train_acc,test_loss,test_acc
0,13.717557271321615,0.0,12.614901542663574,0.0
1,10.89471689860026,0.0,10.410116195678711,0.0
2,9.214165051778158,0.04292929292929293,9.716402053833008,0.0
3,8.036053657531738,0.05681818181818182,8.996420860290527,0.0
4,6.487452665964763,0.0707070707070707,8.977188110351562,0.0
