epoch,train_loss,train_acc
0,0.6917087078094483,0.5666666666666667
1,0.6503062844276428,0.6916666666666667
2,0.5054320275783539,0.7916666666666667
3,0.4154274821281433,0.925
4,0.4275734007358551,0.8583333333333334
5,0.39366430342197417,0.8416666666666668
6,0.31696959435939787,0.925
7,0.24926329851150514,1.0
8,0.219445139169693,0.9833333333333332
9,0.20167643427848816,1.0
